{
  "results": [
    {
      "command": "bazel-bin/main/sorbet --parser=sorbet --stop-after=parser ../yjit-bench/benchmarks",
      "mean": 6.25072342584,
      "stddev": 0.1073974255052388,
      "median": 6.19560604254,
      "user": 16.251893579999994,
      "system": 0.69604118,
      "min": 6.16291310254,
      "max": 6.44517373554,
      "times": [
        6.16291310254,
        6.2626671075399996,
        6.18448813654,
        6.18419261454,
        6.18531723254,
        6.44517373554,
        6.1749147535399995,
        6.25796427854,
        6.4437084445399995,
        6.20589485254
      ],
      "exit_codes": [
        0,
        0,
        0,
        0,
        0,
        0,
        0,
        0,
        0,
        0
      ],
      "parameters": {
        "parser": "sorbet"
      }
    },
    {
      "command": "bazel-bin/main/sorbet --parser=prism --stop-after=parser ../yjit-bench/benchmarks",
      "mean": 4.478415396640001,
      "stddev": 0.006773926630539733,
      "median": 4.47716277004,
      "user": 6.40941108,
      "system": 0.7607843799999999,
      "min": 4.47000373854,
      "max": 4.49072622954,
      "times": [
        4.47028990954,
        4.48113160654,
        4.4784504395399996,
        4.47585923954,
        4.48715721954,
        4.49072622954,
        4.47000373854,
        4.47375967154,
        4.47587510054,
        4.48090081154
      ],
      "exit_codes": [
        0,
        0,
        0,
        0,
        0,
        0,
        0,
        0,
        0,
        0
      ],
      "parameters": {
        "parser": "prism"
      }
    }
  ]
}
