{
  "results": [
    {
      "command": "bazel-bin/main/sorbet --parser=sorbet --stop-after=parser ../yjit-bench/benchmarks",
      "mean": 13.983836266140003,
      "stddev": 0.3753695726271287,
      "median": 13.88645245584,
      "user": 22.976926319999997,
      "system": 0.73527856,
      "min": 13.451897627840001,
      "max": 14.83432713384,
      "times": [
        13.451897627840001,
        13.78587580584,
        13.92110683084,
        13.83593312984,
        13.85179808084,
        14.83432713384,
        14.35947390984,
        14.01668414084,
        13.99022805084,
        13.79103795084
      ],
      "exit_codes": [
        0,
        0,
        0,
        0,
        0,
        0,
        0,
        0,
        0,
        0
      ],
      "parameters": {
        "parser": "sorbet"
      }
    },
    {
      "command": "bazel-bin/main/sorbet --parser=prism --stop-after=parser ../yjit-bench/benchmarks",
      "mean": 8.63029390654,
      "stddev": 0.1018242999685836,
      "median": 8.59375904684,
      "user": 11.002803519999997,
      "system": 0.9380242599999999,
      "min": 8.504474396840001,
      "max": 8.85641065884,
      "times": [
        8.57078804984,
        8.85641065884,
        8.56780114184,
        8.69831273484,
        8.57807582284,
        8.70291158584,
        8.60944227084,
        8.504474396840001,
        8.65632465784,
        8.55839774584
      ],
      "exit_codes": [
        0,
        0,
        0,
        0,
        0,
        0,
        0,
        0,
        0,
        0
      ],
      "parameters": {
        "parser": "prism"
      }
    }
  ]
}
