{
  "results": [
    {
      "command": "bazel-bin/main/sorbet --parser=sorbet test/prism_regression",
      "mean": 0.84178919584,
      "stddev": 0.008118653707744158,
      "median": 0.83854312314,
      "user": 1.59382048,
      "system": 0.11926071999999999,
      "min": 0.83163896114,
      "max": 0.85557230614,
      "times": [
        0.83945907614,
        0.83682301814,
        0.85210590814,
        0.83473545814,
        0.85557230614,
        0.83762717014,
        0.83645661814,
        0.84983627314,
        0.84363716914,
        0.83163896114
      ],
      "exit_codes": [
        0,
        0,
        0,
        0,
        0,
        0,
        0,
        0,
        0,
        0
      ],
      "parameters": {
        "parser": "sorbet"
      }
    },
    {
      "command": "bazel-bin/main/sorbet --parser=prism test/prism_regression",
      "mean": 0.8412279621400002,
      "stddev": 0.007882902400181078,
      "median": 0.83984855864,
      "user": 1.61844638,
      "system": 0.10229632,
      "min": 0.8312792881400001,
      "max": 0.85482773714,
      "times": [
        0.84042653414,
        0.8312792881400001,
        0.83306462914,
        0.85482773714,
        0.85185022614,
        0.84023890714,
        0.83664591814,
        0.8480770171400001,
        0.83945821014,
        0.83641115414
      ],
      "exit_codes": [
        0,
        0,
        0,
        0,
        0,
        0,
        0,
        0,
        0,
        0
      ],
      "parameters": {
        "parser": "prism"
      }
    }
  ]
}
