{
  "results": [
    {
      "command": "bazel-bin/main/sorbet --parser=sorbet --stop-after=parser test/testdata",
      "mean": 10.0427811339,
      "stddev": 0.025126222846626647,
      "median": 10.0368188785,
      "user": 15.975400439999998,
      "system": 1.0591082200000002,
      "min": 10.0078213055,
      "max": 10.0817527725,
      "times": [
        10.0276461275,
        10.0627562915,
        10.0649185675,
        10.0174194365,
        10.0078213055,
        10.0817527725,
        10.0454906105,
        10.0242698005,
        10.0281471465,
        10.0675892805
      ],
      "exit_codes": [
        100,
        100,
        100,
        100,
        100,
        100,
        100,
        100,
        100,
        100
      ],
      "parameters": {
        "parser": "sorbet"
      }
    },
    {
      "command": "bazel-bin/main/sorbet --parser=prism --stop-after=parser test/testdata",
      "mean": 9.028913599900001,
      "stddev": 0.1174086729884074,
      "median": 8.991058692,
      "user": 12.66185554,
      "system": 1.9508827199999998,
      "min": 8.9338502675,
      "max": 9.2513346015,
      "times": [
        8.9816991245,
        9.041188655500001,
        9.0004182595,
        9.0065693535,
        9.2513346015,
        8.9599665045,
        8.9354991625,
        8.9459703115,
        9.2326397585,
        8.9338502675
      ],
      "exit_codes": [
        0,
        0,
        0,
        0,
        0,
        0,
        0,
        0,
        0,
        0
      ],
      "parameters": {
        "parser": "prism"
      }
    }
  ]
}
