{
  "results": [
    {
      "command": "bazel-bin/main/sorbet --parser=sorbet --stop-after=parser test/testdata",
      "mean": 5.30816793542,
      "stddev": 0.008554918806646472,
      "median": 5.30728540082,
      "user": 11.338379319999998,
      "system": 0.9336967399999999,
      "min": 5.29577648882,
      "max": 5.32004709582,
      "times": [
        5.30104430882,
        5.30434597482,
        5.29893825782,
        5.31593376782,
        5.31993879882,
        5.30577622782,
        5.29577648882,
        5.32004709582,
        5.30879457382,
        5.31108385982
      ],
      "exit_codes": [
        100,
        100,
        100,
        100,
        100,
        100,
        100,
        100,
        100,
        100
      ],
      "parameters": {
        "parser": "sorbet"
      }
    },
    {
      "command": "bazel-bin/main/sorbet --parser=prism --stop-after=parser test/testdata",
      "mean": 4.86590450502,
      "stddev": 0.011452274879975811,
      "median": 4.86448913132,
      "user": 8.30477872,
      "system": 1.13498544,
      "min": 4.85319106082,
      "max": 4.89339179082,
      "times": [
        4.86646737282,
        4.86645828082,
        4.85319106082,
        4.86291949182,
        4.89339179082,
        4.85785923482,
        4.85783726082,
        4.87515050282,
        4.8660587708200005,
        4.85971128382
      ],
      "exit_codes": [
        0,
        0,
        0,
        0,
        0,
        0,
        0,
        0,
        0,
        0
      ],
      "parameters": {
        "parser": "prism"
      }
    }
  ]
}
