{
  "results": [
    {
      "command": "bazel-bin/main/sorbet --parser=sorbet test/prism_regression",
      "mean": 1.74419526482,
      "stddev": 0.069048868040311,
      "median": 1.73331423512,
      "user": 2.73193046,
      "system": 0.13378163999999998,
      "min": 1.6378026806200001,
      "max": 1.84798413862,
      "times": [
        1.72125983862,
        1.84798413862,
        1.64443633762,
        1.79690505062,
        1.72480685162,
        1.80412130462,
        1.7226981556199998,
        1.80011667162,
        1.74182161862,
        1.6378026806200001
      ],
      "exit_codes": [
        100,
        100,
        100,
        100,
        100,
        100,
        100,
        100,
        100,
        100
      ],
      "parameters": {
        "parser": "sorbet"
      }
    },
    {
      "command": "bazel-bin/main/sorbet --parser=prism test/prism_regression",
      "mean": 1.6491571758199997,
      "stddev": 0.2075739536981031,
      "median": 1.7204806501199998,
      "user": 2.5753856599999994,
      "system": 0.11331144,
      "min": 1.07299557962,
      "max": 1.80577517662,
      "times": [
        1.80577517662,
        1.07299557962,
        1.7247325946199998,
        1.71462417062,
        1.64513017262,
        1.7240551876199999,
        1.72276719362,
        1.64053038262,
        1.72107253662,
        1.71988876362
      ],
      "exit_codes": [
        100,
        100,
        100,
        100,
        100,
        100,
        100,
        100,
        100,
        100
      ],
      "parameters": {
        "parser": "prism"
      }
    }
  ]
}
