{
  "results": [
    {
      "command": "bazel-bin/main/sorbet --parser=sorbet ../rbi",
      "mean": 6.16736409352,
      "stddev": 0.06774821106573646,
      "median": 6.15982815322,
      "user": 21.81549374,
      "system": 0.20507438000000003,
      "min": 6.083021132720001,
      "max": 6.28290752972,
      "times": [
        6.16744417972,
        6.12050154872,
        6.28290752972,
        6.251253995720001,
        6.11700055272,
        6.15221212672,
        6.083021132720001,
        6.23237357272,
        6.16752112172,
        6.09940517472
      ],
      "exit_codes": [
        0,
        0,
        0,
        0,
        0,
        0,
        0,
        0,
        0,
        0
      ],
      "parameters": {
        "parser": "sorbet"
      }
    },
    {
      "command": "bazel-bin/main/sorbet --parser=prism ../rbi",
      "mean": 6.18529064662,
      "stddev": 0.04775460831234028,
      "median": 6.17915380222,
      "user": 19.401574840000002,
      "system": 0.18767527999999994,
      "min": 6.12177066272,
      "max": 6.282041295720001,
      "times": [
        6.12177066272,
        6.13718851672,
        6.282041295720001,
        6.153297766720001,
        6.15942091572,
        6.22498076072,
        6.19488676172,
        6.221012181720001,
        6.171952952720001,
        6.18635465172
      ],
      "exit_codes": [
        100,
        100,
        100,
        100,
        100,
        100,
        100,
        100,
        100,
        100
      ],
      "parameters": {
        "parser": "prism"
      }
    }
  ]
}
